<application>
  <component name="AppStorage">
    <histories>
      <item value="gears" />
      <item value="expade" />
      <item value="unreachable" />
      <item value="preserve" />
      <item value="overlay Close" />
      <item value="spacer" />
      <item value="persistent" />
      <item value="whitelist Patterns Children" />
      <item value="whitelist Patterns" />
      <item value="transaction" />
      <item value="mock" />
      <item value="concurrently" />
      <item value="elevation" />
    </histories>
    <option name="languageScores">
      <map>
        <entry key="CHINESE" value="11" />
        <entry key="ENGLISH" value="12" />
        <entry key="SWEDISH" value="1" />
      </map>
    </option>
  </component>
  <component name="Settings">
    <option name="ignoreRegExp" value="" />
  </component>
</application>